{
	"format_version": "1.8.0",
	"animations": {
		"idle": {
			"loop": true,
			"animation_length": 16,
			"bones": {
				"Head": {
					"rotation": {
						"0.0": {
							"vector": [-12.5, 0, 0]
						},
						"2.0": {
							"vector": [-20, 0, 0]
						},
						"4.0": {
							"vector": [-12.5, 0, 0]
						},
						"6.0": {
							"vector": [-20, 0, 0]
						},
						"8.0": {
							"vector": [-12.5, 0, 0]
						},
						"10.0": {
							"vector": [-20, 0, 0]
						},
						"12.0": {
							"vector": [-12.5, 0, 0]
						},
						"14.0": {
							"vector": [-20, 0, 0]
						},
						"16.0": {
							"vector": [-12.5, 0, 0]
						}
					},
					"position": {
						"vector": [0, 0, 0]
					}
				},
				"Body": {
					"position": {
						"vector": [0, 0, 0]
					}
				},
				"RightArm": {
					"rotation": {
						"0.0": {
							"vector": [-12.5, 0, 0]
						},
						"1.0": {
							"vector": [-23.75, 0, 0]
						},
						"2.0": {
							"vector": [-19.9299, 1.70818, 4.69986]
						},
						"3.0": {
							"vector": [-23.96, 0, 0]
						},
						"4.0": {
							"vector": [-12.5, 0, 0]
						},
						"5.0": {
							"vector": [-23.75, 0, 0]
						},
						"6.0": {
							"vector": [-19.9299, 1.70818, 4.69986]
						},
						"7.0": {
							"vector": [-23.96, 0, 0]
						},
						"8.0": {
							"vector": [-12.5, 0, 0]
						},
						"9.0": {
							"vector": [-23.75, 0, 0]
						},
						"10.0": {
							"vector": [-19.9299, 1.70818, 4.69986]
						},
						"11.0": {
							"vector": [-23.96, 0, 0]
						},
						"12.0": {
							"vector": [-12.5, 0, 0]
						},
						"13.0": {
							"vector": [-23.75, 0, 0]
						},
						"14.0": {
							"vector": [-19.9299, 1.70818, 4.69986]
						},
						"15.0": {
							"vector": [-23.96, 0, 0]
						},
						"16.0": {
							"vector": [-12.5, 0, 0]
						}
					},
					"position": {
						"vector": [0, 0, 0]
					}
				},
				"LeftArm": {
					"rotation": {
						"0.0": {
							"vector": [-12.5, 0, 0]
						},
						"1.0": {
							"vector": [-7.5, 0, 0]
						},
						"2.0": {
							"vector": [-17.43745, -1.50179, -4.76968]
						},
						"3.0": {
							"vector": [-7.64, 0, 0]
						},
						"4.0": {
							"vector": [-12.5, 0, 0]
						},
						"5.0": {
							"vector": [-7.5, 0, 0]
						},
						"6.0": {
							"vector": [-17.43745, -1.50179, -4.76968]
						},
						"7.0": {
							"vector": [-7.64, 0, 0]
						},
						"8.0": {
							"vector": [-12.5, 0, 0]
						},
						"9.0": {
							"vector": [-7.5, 0, 0]
						},
						"10.0": {
							"vector": [-17.43745, -1.50179, -4.76968]
						},
						"11.0": {
							"vector": [-7.64, 0, 0]
						},
						"12.0": {
							"vector": [-12.5, 0, 0]
						},
						"13.0": {
							"vector": [-7.5, 0, 0]
						},
						"14.0": {
							"vector": [-17.43745, -1.50179, -4.76968]
						},
						"15.0": {
							"vector": [-7.64, 0, 0]
						},
						"16.0": {
							"vector": [-12.5, 0, 0]
						}
					},
					"position": {
						"vector": [0, 0, 0]
					}
				},
				"RightLeg": {
					"rotation": {
						"0.0": {
							"vector": [0, 0, 7.5]
						},
						"4.0": {
							"vector": [0, 0, 7.5]
						},
						"8.0": {
							"vector": [0, 0, 7.5]
						},
						"12.0": {
							"vector": [0, 0, 7.5]
						},
						"16.0": {
							"vector": [0, 0, 7.5]
						}
					},
					"position": {
						"vector": [0, 0, 0]
					}
				},
				"LeftLeg": {
					"rotation": {
						"0.0": {
							"vector": [0, 0, -7.5]
						},
						"4.0": {
							"vector": [0, 0, -7.5]
						},
						"8.0": {
							"vector": [0, 0, -7.5]
						},
						"12.0": {
							"vector": [0, 0, -7.5]
						},
						"16.0": {
							"vector": [0, 0, -7.5]
						}
					},
					"position": {
						"vector": [0, 0, 0]
					}
				},
				"Torso": {
					"rotation": {
						"0.0": {
							"vector": [12.5, 0, 0]
						},
						"2.0": {
							"vector": [20, 0, 0]
						},
						"4.0": {
							"vector": [12.5, 0, 0]
						},
						"6.0": {
							"vector": [19.9299, 1.70818, -4.69986]
						},
						"8.0": {
							"vector": [12.5, 0, 0]
						},
						"10.0": {
							"vector": [20, 0, 0]
						},
						"12.0": {
							"vector": [12.5, 0, 0]
						},
						"14.0": {
							"vector": [19.8423, -2.55868, 7.05239]
						},
						"16.0": {
							"vector": [12.5, 0, 0]
						}
					}
				}
			}
		},
		"run": {
			"loop": true,
			"animation_length": 1,
			"bones": {
				"Head": {
					"rotation": {
						"0.0": {
							"vector": [-30, 0, 0]
						},
						"0.5": {
							"vector": [-30, 0, 0]
						},
						"1.0": {
							"vector": [-30, 0, 0]
						}
					}
				},
				"RightArm": {
					"rotation": {
						"0.0": {
							"vector": [-105.22074, 9.65594, -2.61298]
						},
						"0.25": {
							"vector": [-112.67458, 6.92618, -2.88419]
						},
						"0.5": {
							"vector": [-105.22074, 9.65594, -2.61298]
						},
						"0.75": {
							"vector": [-112.67458, 6.92618, -2.88419]
						},
						"1.0": {
							"vector": [-105.22074, 9.65594, -2.61298]
						}
					}
				},
				"LeftArm": {
					"rotation": {
						"0.0": {
							"vector": [-107.89807, -11.91276, 3.81397]
						},
						"0.25": {
							"vector": [-102.60443, -7.32123, 1.63219]
						},
						"0.5": {
							"vector": [-107.89807, -11.91276, 3.81397]
						},
						"0.75": {
							"vector": [-102.60443, -7.32123, 1.63219]
						},
						"1.0": {
							"vector": [-107.89807, -11.91276, 3.81397]
						}
					}
				},
				"RightLeg": {
					"rotation": {
						"0.0": {
							"vector": [37.5, 0, 7.5]
						},
						"0.25": {
							"vector": [-24.24769, 6.27967, 6.14973]
						},
						"0.5": {
							"vector": [37.5, 0, 7.5]
						},
						"0.75": {
							"vector": [-24.24769, 6.27967, 6.14973]
						},
						"1.0": {
							"vector": [37.5, 0, 7.5]
						}
					},
					"position": {
						"0.0": {
							"vector": [0, 0, 0]
						},
						"0.25": {
							"vector": [0, 0, 0]
						},
						"0.3333": {
							"vector": [0, -2, 0]
						},
						"0.5": {
							"vector": [0, 0, 0]
						},
						"0.75": {
							"vector": [0, 0, 0]
						},
						"0.8333": {
							"vector": [0, -2, 0]
						},
						"1.0": {
							"vector": [0, 0, 0]
						}
					}
				},
				"LeftLeg": {
					"rotation": {
						"0.0": {
							"vector": [-25, 0, -7.5]
						},
						"0.25": {
							"vector": [11.93845, 3.73171, -9.60967]
						},
						"0.5": {
							"vector": [-25, 0, -7.5]
						},
						"0.75": {
							"vector": [11.93845, 3.73171, -9.60967]
						},
						"1.0": {
							"vector": [-25, 0, -7.5]
						}
					},
					"position": {
						"0.0": {
							"vector": [0, 0, 0]
						},
						"0.0833": {
							"vector": [0, -2, 0]
						},
						"0.25": {
							"vector": [0, 0, 0]
						},
						"0.5": {
							"vector": [0, 0, 0]
						},
						"0.5833": {
							"vector": [0, -2, 0]
						},
						"0.75": {
							"vector": [0, 0, 0]
						},
						"1.0": {
							"vector": [0, 0, 0]
						}
					}
				},
				"Torso": {
					"rotation": {
						"vector": [27.5, 0, 0]
					}
				}
			}
		},
		"death": {
			"loop": "hold_on_last_frame",
			"animation_length": 1.75,
			"bones": {
				"Head": {
					"rotation": {
						"0.0": {
							"vector": [-30, 0, 0]
						},
						"1.125": {
							"vector": [10, 0, 0]
						},
						"1.5": {
							"vector": [15, 0, 0]
						}
					}
				},
				"RightArm": {
					"rotation": {
						"0.0": {
							"vector": [-105.22074, 9.65594, -2.61298]
						},
						"0.9167": {
							"vector": [-226.24308, 50.02461, -161.36077]
						},
						"1.25": {
							"vector": [-196.9541, 62.3213, -126.62681]
						},
						"1.75": {
							"vector": [-87.65161, -16.7837, -9.02776]
						}
					}
				},
				"LeftArm": {
					"rotation": {
						"0.0": {
							"vector": [-107.89807, -11.91276, 3.81397]
						},
						"0.9167": {
							"vector": [-210.67331, -57.77464, 149.9871]
						},
						"1.25": {
							"vector": [-161.96607, -61.1617, 94.56318]
						},