{
	"format_version": "1.8.0",
	"animations": {
		"idle": {
			"loop": true,
			"animation_length": 16,
			"bones": {
				"Head": {
					"rotation": {
						"0.0": [-12.5, 0, 0],
						"2.0": [-20, 0, 0],
						"4.0": [-12.5, 0, 0],
						"6.0": [-20, 0, 0],
						"8.0": [-12.5, 0, 0],
						"10.0": [-20, 0, 0],
						"12.0": [-12.5, 0, 0],
						"14.0": [-20, 0, 0],
						"16.0": [-12.5, 0, 0]
					},
					"position": [0, 0, 0]
				},
				"Body": {
					"position": [0, 0, 0]
				},
				"RightArm": {
					"rotation": {
						"0.0": [-12.5, 0, 0],
						"1.0": [-23.75, 0, 0],
						"2.0": [-19.9299, 1.70818, 4.69986],
						"3.0": [-23.96, 0, 0],
						"4.0": [-12.5, 0, 0],
						"5.0": [-23.75, 0, 0],
						"6.0": [-19.9299, 1.70818, 4.69986],
						"7.0": [-23.96, 0, 0],
						"8.0": [-12.5, 0, 0],
						"9.0": [-23.75, 0, 0],
						"10.0": [-19.9299, 1.70818, 4.69986],
						"11.0": [-23.96, 0, 0],
						"12.0": [-12.5, 0, 0],
						"13.0": [-23.75, 0, 0],
						"14.0": [-19.9299, 1.70818, 4.69986],
						"15.0": [-23.96, 0, 0],
						"16.0": [-12.5, 0, 0]
					},
					"position": [0, 0, 0]
				},
				"LeftArm": {
					"rotation": {
						"0.0": [-12.5, 0, 0],
						"1.0": [-7.5, 0, 0],
						"2.0": [-17.43745, -1.50179, -4.76968],
						"3.0": [-7.64, 0, 0],
						"4.0": [-12.5, 0, 0],
						"5.0": [-7.5, 0, 0],
						"6.0": [-17.43745, -1.50179, -4.76968],
						"7.0": [-7.64, 0, 0],
						"8.0": [-12.5, 0, 0],
						"9.0": [-7.5, 0, 0],
						"10.0": [-17.43745, -1.50179, -4.76968],
						"11.0": [-7.64, 0, 0],
						"12.0": [-12.5, 0, 0],
						"13.0": [-7.5, 0, 0],
						"14.0": [-17.43745, -1.50179, -4.76968],
						"15.0": [-7.64, 0, 0],
						"16.0": [-12.5, 0, 0]
					},
					"position": [0, 0, 0]
				},
				"RightLeg": {
					"rotation": {
						"0.0": [0, 0, 7.5],
						"4.0": [0, 0, 7.5],
						"8.0": [0, 0, 7.5],
						"12.0": [0, 0, 7.5],
						"16.0": [0, 0, 7.5]
					},
					"position": [0, 0, 0]
				},
				"LeftLeg": {
					"rotation": {
						"0.0": [0, 0, -7.5],
						"4.0": [0, 0, -7.5],
						"8.0": [0, 0, -7.5],
						"12.0": [0, 0, -7.5],
						"16.0": [0, 0, -7.5]
					},
					"position": [0, 0, 0]
				},
				"Torso": {
					"rotation": {
						"0.0": [12.5, 0, 0],
						"2.0": [20, 0, 0],
						"4.0": [12.5, 0, 0],
						"6.0": [19.9299, 1.70818, -4.69986],
						"8.0": [12.5, 0, 0],
						"10.0": [20, 0, 0],
						"12.0": [12.5, 0, 0],
						"14.0": [19.8423, -2.55868, 7.05239],
						"16.0": [12.5, 0, 0]
					}
				}
			}
		},
		"run": {
			"loop": true,
			"animation_length": 1,
			"bones": {
				"Head": {
					"rotation": {
						"0.0": [-30, 0, 0],
						"0.5": [-30, 0, 0],
						"1.0": [-30, 0, 0]
					}
				},
				"RightArm": {
					"rotation": {
						"0.0": [-105.22074, 9.65594, -2.61298],
						"0.25": [-112.67458, 6.92618, -2.88419],
						"0.5": [-105.22074, 9.65594, -2.61298],
						"0.75": [-112.67458, 6.92618, -2.88419],
						"1.0": [-105.22074, 9.65594, -2.61298]
					}
				},
				"LeftArm": {
					"rotation": {
						"0.0": [-107.89807, -11.91276, 3.81397],
						"0.25": [-102.60443, -7.32123, 1.63219],
						"0.5": [-107.89807, -11.91276, 3.81397],
						"0.75": [-102.60443, -7.32123, 1.63219],
						"1.0": [-107.89807, -11.91276, 3.81397]
					}
				},
				"RightLeg": {
					"rotation": {
						"0.0": [37.5, 0, 7.5],
						"0.25": [-24.24769, 6.27967, 6.14973],
						"0.5": [37.5, 0, 7.5],
						"0.75": [-24.24769, 6.27967, 6.14973],
						"1.0": [37.5, 0, 7.5]
					},
					"position": {
						"0.0": [0, 0, 0],
						"0.25": [0, 0, 0],
						"0.3333": [0, -2, 0],
						"0.5": [0, 0, 0],
						"0.75": [0, 0, 0],
						"0.8333": [0, -2, 0],
						"1.0": [0, 0, 0]
					}
				},
				"LeftLeg": {
					"rotation": {
						"0.0": [-25, 0, -7.5],
						"0.25": [11.93845, 3.73171, -9.60967],
						"0.5": [-25, 0, -7.5],
						"0.75": [11.93845, 3.73171, -9.60967],
						"1.0": [-25, 0, -7.5]
					},
					"position": {
						"0.0": [0, 0, 0],
						"0.0833": [0, -2, 0],
						"0.25": [0, 0, 0],
						"0.5": [0, 0, 0],
						"0.5833": [0, -2, 0],
						"0.75": [0, 0, 0],
						"1.0": [0, 0, 0]
					}
				},
				"Torso": {
					"rotation": [27.5, 0, 0]
				}
			}
		},
		"death": {
			"loop": "hold_on_last_frame",
			"animation_length": 1.75,
			"bones": {
				"Head": {
					"rotation": {
						"0.0": [-30, 0, 0],
						"1.125": [10, 0, 0],
						"1.5": [15, 0, 0]
					}
				},
				"RightArm": {
					"rotation": {
						"0.0": [-105.22074, 9.65594, -2.61298],
						"0.9167": [-226.24308, 50.02461, -161.36077],
						"1.25": [-196.9541, 62.3213, -126.62681],
						"1.75": [-87.65161, -16.7837, -9.02776]
					}
				},
				"LeftArm": {
					"rotation": {
						"0.0": [-107.89807, -11.91276, 3.81397],
						"0.9167": [-210.67331, -57.77464, 149.9871],
						"1.25": [-161.96607, -61.1617, 94.56318],
						"1.75": [-86.6331, 19.5957, 14.36382]
					}
				},
				"RightLeg": {
					"rotation": [0, 0, 7.5],
					"position": [0, 0, 0]
				},
				"LeftLeg": {
					"rotation": [0, 0, -7.5],
					"position": [0, 0, 0]
				},
				"Torso": {
					"rotation": {
						"0.0": [27.5, 0, 0],
						"0.25": [-20, 0, 0],
						"1.5": [-12.5, 0, 0]
					}
				}
			}
		},
		"attack": {
			"animation_length": 0.25,
			"bones": {
				"Head": {
					"rotation": {
						"0.0": [-2.5, 0, 0],
						"0.25": [-47.5, 0, 0]
					}
				},
				"RightArm": {
					"rotation": {
						"0.0": [-78.66201, 36.01651, -11.23272],
						"0.25": [109.25747, 61.79965, 139.02524]
					}
				},
				"LeftArm": {
					"rotation": {
						"0.0": [-67.57855, -30.61275, -3.84771],
						"0.25": [74.13546, -74.97735, -117.61813]
					}
				},
				"Torso": {
					"rotation": {
						"0.0": [27.5, 0, 0],
						"0.25": [12.5, 0, 0]
					}
				}
			}
		},
		"burrow": {
			"animation_length": 4,
			"bones": {
				"Head": {
					"rotation": {
						"0.0": [0, 0, 0],
						"1.25": [57.5, 0, 0],
						"2.5": [45, 0, 0],
						"2.875": [27.5, 0, 0],
						"3.2083": [10, 0, 0],
						"4.0": [-12.5, 0, 0]
					},
					"position": {
						"0.0": [0, -41, 0],
						"1.25": [0, -34, 0],
						"1.875": [0, -28, 0],
						"2.5": [0, -16, 0],
						"2.875": [0, -13, 0],
						"3.2083": [0, -9, 0],
						"4.0": [0, 0, 0]
					}
				},
				"Body": {
					"position": {
						"0.0": [0, -31, 0],
						"1.9167": [0, -27, 0],
						"2.5": [0, -16, 0],
						"2.875": [0, -13, 0],
						"3.2083": [0, -9, 0],
						"4.0": [0, 0, 0]
					}
				},
				"RightArm": {
					"rotation": {
						"0.0": [-167.5, 0, 0],
						"0.375": [-167.5, 0, 0],
						"1.0": [-114.64445, 34.89321, -14.70516],
						"1.875": [-92.14445, 34.89321, -14.70516],
						"2.5": [-49.64445, 34.89321, -14.70516],
						"2.875": [-14.99834, 47.40056, 18.23612],
						"3.5": [-8.53666, 24.86838, 21.71041],
						"4.0": [-12.5, 0, 0]
					},
					"position": {
						"0.0": [0, -44, 0],
						"0.375": [0, -33, 0],
						"1.0": [0, -29, 0],
						"1.875": [0, -25, 0],
						"2.5": [0, -14, 0],
						"2.875": [0, -12, 0],
						"4.0": [0, 0, 0]
					}
				},
				"LeftArm": {
					"rotation": {
						"0.0": [-165, 0, 0],
						"0.625": [-167.5, 0, 0],
						"1.25": [-114.64445, -34.89321, 14.70516],
						"1.875": [-84.64445, -34.89321, 14.70516],
						"2.5": [-49.64445, -34.89321, 14.70516],
						"2.875": [-57.14445, -34.89321, 14.70516],
						"3.5": [-28.657, -25.65946, -8.41763],
						"4.0": [-12.5, 0, 0]
					},
					"position": {
						"0.0": [0, -44, 0],
						"0.625": [0, -33, 0],
						"1.25": [0, -29, 0],
						"1.875": [0, -25, 0],
						"2.5": [0, -15, 0],
						"2.875": [0, -13, 0],
						"4.0": [0, 0, 0]
					}
				},
				"RightLeg": {
					"rotation": {
						"0.0": [0, 0, 0],
						"2.875": [-2.5, 0, 0],
						"3.375": [-9.62161, 1.58701, 4.00161],
						"4.0": [0, 0, 7.5]
					},
					"position": {
						"0.0": [0, -23, 0],
						"1.5417": [0, -22.19, 0],
						"2.2083": [0, -14.68, 0],
						"2.5": [0, -11, 0],
						"2.875": [0, -10, 0],
						"3.1667": [0, -10.49, 0.25],
						"3.5": [0, -6.77, 0.54],